{"name":"root","children":[{"name":"speed","children":[{"name":"jquery-basis.js","size":4304,"language":"Javascript"},{"name":"filter.html","size":181,"language":"HTML"},{"name":"find.html","size":177,"language":"HTML"},{"name":"benchmarker.js","size":139,"language":"Javascript"},{"name":"css.html","size":68,"language":"HTML"},{"name":"index.html","size":62,"language":"HTML"},{"name":"benchmarker.css","size":52,"language":"CSS"},{"name":"event.html","size":46,"language":"HTML"},{"name":"slice.vs.concat.html","size":37,"language":"HTML"},{"name":"closest.html","size":36,"language":"HTML"},{"name":"benchmark.js","size":12,"language":"Javascript"}],"size":5114},{"name":"test","children":[{"name":"unit","children":[{"name":"event.js","size":1926,"language":"Javascript"},{"name":"ajax.js","size":1745,"language":"Javascript"},{"name":"effects.js","size":1617,"language":"Javascript"},{"name":"manipulation.js","size":1566,"language":"Javascript"},{"name":"core.js","size":1006,"language":"Javascript"},{"name":"attributes.js","size":971,"language":"Javascript"},{"name":"css.js","size":738,"language":"Javascript"},{"name":"traversing.js","size":545,"language":"Javascript"},{"name":"data.js","size":490,"language":"Javascript"},{"name":"offset.js","size":418,"language":"Javascript"},{"name":"deferred.js","size":346,"language":"Javascript"},{"name":"dimensions.js","size":325,"language":"Javascript"},{"name":"callbacks.js","size":271,"language":"Javascript"},{"name":"queue.js","size":247,"language":"Javascript"},{"name":"selector.js","size":127,"language":"Javascript"},{"name":"serialize.js","size":96,"language":"Javascript"},{"name":"support.js","size":31,"language":"Javascript"},{"name":"exports.js","size":5,"language":"Javascript"},{"name":"deprecated.js","size":1,"language":"Javascript"}],"size":12471},{"name":"index.html","size":288,"language":"HTML"},{"name":"data","children":[{"name":"testrunner.js","size":245,"language":"Javascript"},{"name":"testinit.js","size":202,"language":"Javascript"},{"name":"testsuite.css","size":112,"language":"CSS"},{"name":"selector","children":[{"name":"html5_selector.html","size":94,"language":"HTML"},{"name":"sizzle_cache.html","size":19,"language":"HTML"}],"size":113},{"name":"offset","children":[{"name":"table.html","size":43,"language":"HTML"},{"name":"absolute.html","size":41,"language":"HTML"},{"name":"scroll.html","size":39,"language":"HTML"},{"name":"fixed.html","size":34,"language":"HTML"},{"name":"relative.html","size":31,"language":"HTML"},{"name":"static.html","size":31,"language":"HTML"},{"name":"body.html","size":26,"language":"HTML"}],"size":245},{"name":"manipulation","children":[{"name":"iframe-denied.html","size":33,"language":"HTML"}],"size":33},{"name":"support","children":[{"name":"bodyBackground.html","size":27,"language":"HTML"},{"name":"shrinkWrapBlocks.html","size":23,"language":"HTML"},{"name":"csp.php","size":17,"language":"PHP"},{"name":"testElementCrash.html","size":17,"language":"HTML"},{"name":"csp.js","size":3,"language":"Javascript"}],"size":87},{"name":"with_fries.xml","size":25,"language":"XML"},{"name":"ajax","children":[{"name":"unreleasedXHR.html","size":24,"language":"HTML"}],"size":24},{"name":"name.php","size":23,"language":"PHP"},{"name":"core","children":[{"name":"cc_on.html","size":22,"language":"HTML"}],"size":22},{"name":"dimensions","children":[{"name":"documentSmall.html","size":21,"language":"HTML"},{"name":"documentLarge.html","size":17,"language":"HTML"}],"size":38},{"name":"readywaitloader.js","size":19,"language":"Javascript"},{"name":"event","children":[{"name":"onbeforeunload.html","size":19,"language":"HTML"},{"name":"syncReady.html","size":17,"language":"HTML"},{"name":"promiseReady.html","size":16,"language":"HTML"},{"name":"longLoadScript.php","size":4,"language":"PHP"}],"size":56},{"name":"etag.php","size":16,"language":"PHP"},{"name":"if_modified_since.php","size":15,"language":"PHP"},{"name":"jsonp.php","size":14,"language":"PHP"},{"name":"params_html.php","size":12,"language":"PHP"},{"name":"json.php","size":12,"language":"PHP"},{"name":"text.php","size":12,"language":"PHP"},{"name":"headers.php","size":12,"language":"PHP"},{"name":"script.php","size":11,"language":"PHP"},{"name":"dashboard.xml","size":11,"language":"XML"},{"name":"iframe.html","size":8,"language":"HTML"},{"name":"test.php","size":7,"language":"PHP"},{"name":"with_fries_over_jsonp.php","size":7,"language":"PHP"},{"name":"test.html","size":7,"language":"HTML"},{"name":"cleanScript.html","size":7,"language":"HTML"},{"name":"test2.html","size":5,"language":"HTML"},{"name":"errorWithJSON.php","size":4,"language":"PHP"},{"name":"atom+xml.php","size":4,"language":"PHP"},{"name":"statusText.php","size":3,"language":"PHP"},{"name":"errorWithText.php","size":3,"language":"PHP"},{"name":"test.js","size":3,"language":"Javascript"},{"name":"test3.html","size":3,"language":"HTML"},{"name":"nocontent.php","size":3,"language":"PHP"},{"name":"badjson.js","size":1,"language":"Javascript"},{"name":"badcall.js","size":1,"language":"Javascript"},{"name":"readywaitasset.js","size":1,"language":"Javascript"},{"name":"evalScript.php","size":1,"language":"PHP"},{"name":"echoQuery.php","size":1,"language":"PHP"},{"name":"json_obj.js","size":1,"language":"Javascript"},{"name":"jquery-1.8.2.ajax_xhr.min.js","size":1,"language":"Javascript"},{"name":"echoData.php","size":1,"language":"PHP"},{"name":"name.html","size":1,"language":"HTML"}],"size":1432},{"name":"delegatetest.html","size":214,"language":"HTML"},{"name":"hovertest.html","size":148,"language":"HTML"},{"name":"networkerror.html","size":76,"language":"HTML"},{"name":"localfile.html","size":74,"language":"HTML"},{"name":"readywait.html","size":61,"language":"HTML"},{"name":"xhtml.php","size":4,"language":"PHP"},{"name":"jquery.js","size":4,"language":"Javascript"}],"size":14772},{"name":"src","children":[{"name":"event.js","size":588,"language":"Javascript"},{"name":"effects.js","size":560,"language":"Javascript"},{"name":"ajax.js","size":525,"language":"Javascript"},{"name":"core.js","size":518,"language":"Javascript"},{"name":"manipulation.js","size":454,"language":"Javascript"},{"name":"css.js","size":389,"language":"Javascript"},{"name":"attributes.js","size":374,"language":"Javascript"},{"name":"traversing.js","size":226,"language":"Javascript"},{"name":"data.js","size":202,"language":"Javascript"},{"name":"callbacks.js","size":138,"language":"Javascript"},{"name":"offset.js","size":121,"language":"Javascript"},{"name":"queue.js","size":117,"language":"Javascript"},{"name":"deferred.js","size":103,"language":"Javascript"},{"name":"selector-native.js","size":100,"language":"Javascript"},{"name":"ajax","children":[{"name":"xhr.js","size":82,"language":"Javascript"},{"name":"script.js","size":51,"language":"Javascript"},{"name":"jsonp.js","size":50,"language":"Javascript"}],"size":183},{"name":"serialize.js","size":71,"language":"Javascript"},{"name":"support.js","size":60,"language":"Javascript"},{"name":"dimensions.js","size":25,"language":"Javascript"},{"name":"event-alias.js","size":12,"language":"Javascript"},{"name":"sizzle-jquery.js","size":8,"language":"Javascript"},{"name":"exports.js","size":8,"language":"Javascript"},{"name":"outro.js","size":1,"language":"Javascript"},{"name":"intro.js","size":1,"language":"Javascript"},{"name":"deprecated.js","size":1,"language":"Javascript"}],"size":4785},{"name":"Gruntfile.js","size":335,"language":"Javascript"},{"name":"build","children":[{"name":"release.js","size":193,"language":"Javascript"},{"name":"release-notes.js","size":46,"language":"Javascript"}],"size":239}],"size":25245}